姓名,年龄,邮箱,城市,电话
张三,28,zhangsan@email.com,北京,13912345678
 李四 ,35,lisi@email.com, 上海 ,13912345679
王五,28,wangwu@email.com,北京,13912345680
张三,28,zhangsan@email.com,北京,13912345678
赵六,,zhaoliu@email.com,深圳,13912345681
孙七,42,sunqi@email.com,,13912345682
周八,31, zhouba@email.com ,杭州,
 吴九 , 29 , wujiu@email.com , 南京 , 13912345683
郑十,35,zhengshi@email.com,广州,13912345684
韦十一,26,weishi@email.com,苏州,13912345685
冯十二,38,fengshi@email.com,成都,13912345686
陈十三,42,chenshi@email.com,武汉,13912345687
褚十四,33,chushi@email.com,西安,13912345688
卫十五,29,weishi2@email.com,重庆,13912345689
蒋十六,31,jiangshi@email.com,天津,13912345690
沈十七,36,shenshi@email.com,长沙,13912345691
韦十八,27,weishi3@email.com,沈阳,13912345692
江十九,40,jiangshi2@email.com,青岛,13912345693
傅二十,34,fushi@email.com,大连,13912345694
张三,28,zhangsan@email.com,北京,13912345678
李四,35,lisi@email.com,上海,13912345679
王五,28,wangwu@email.com,北京,13912345680
赵六,,zhaoliu@email.com,深圳,13912345681
孙七,42,sunqi@email.com,,13912345682
周八,31,zhouba@email.com,杭州,
吴九,29,wujiu@email.com,南京,13912345683
郑十,35,zhengshi@email.com,广州,13912345684
韦十一,26,weishi@email.com,苏州,13912345685
冯十二,38,fengshi@email.com,成都,13912345686
陈十三,42,chenshi@email.com,武汉,13912345687
褚十四,33,chushi@email.com,西安,13912345688
卫十五,29,weishi2@email.com,重庆,13912345689
蒋十六,31,jiangshi@email.com,天津,13912345690
沈十七,36,shenshi@email.com,长沙,13912345691
韦十八,27,weishi3@email.com,沈阳,13912345692
江十九,40,jiangshi2@email.com,青岛,13912345693
傅二十,34,fushi@email.com,大连,13912345694
张三,28,zhangsan@email.com,北京,13912345678
李四,35,lisi@email.com,上海,13912345679
王五,28,wangwu@email.com,北京,13912345680
赵六,,zhaoliu@email.com,深圳,13912345681
孙七,42,sunqi@email.com,,13912345682
周八,31,zhouba@email.com,杭州,
吴九,29,wujiu@email.com,南京,13912345683
郑十,35,zhengshi@email.com,广州,13912345684
韦十一,26,weishi@email.com,苏州,13912345685
冯十二,38,fengshi@email.com,成都,13912345686
陈十三,42,chenshi@email.com,武汉,13912345687
褚十四,33,chushi@email.com,西安,13912345688
卫十五,29,weishi2@email.com,重庆,13912345689
蒋十六,31,jiangshi@email.com,天津,13912345690
沈十七,36,shenshi@email.com,长沙,13912345691
韦十八,27,weishi3@email.com,沈阳,13912345692
江十九,40,jiangshi2@email.com,青岛,13912345693
傅二十,34,fushi@email.com,大连,13912345694
